{"pitch": [-3.0184758794361524, 14.211735709055443, 207.01819697117043, 49.11510599977116], "energy": [-1.1886451244354248, 16.95956802368164, 20.406869821624056, 17.153590929092374]}