{"pitch": [-3.017691628597761, 14.210434825858718, 206.99761689758864, 49.12105044064982], "energy": [-1.1875702142715454, 16.95836639404297, 20.390984369035806, 17.155741255242276]}