{"pitch": [-2.2203476587608173, 14.572180292966197, 127.93216016656918, 31.331236533430403], "energy": [-1.2749121189117432, 3.32989764213562, 35.90665385065401, 28.16402520966247]}